id,first_name,last_name,address_id,phone_number,email,role
1,Jack,Poole,1,402-508-3505,jramio@yahoo.ca,6
2,Adam,Snyder,20,734-676-6079,biglou@mac.com,6
3,Sarah,Long,10,716-685-3228,reziac@mac.com,6
4,Joyce,Meyer,18,316-519-8508,bigmauler@sbcglobal.net,6
5,Angelique,May,3,203-785-3292,sassen@comcast.net,6
6,Shayla,Quinn,24,603-670-3026,grdschl@me.com,6
7,Terrel,Oliver,30,513-248-9026,nasor@optonline.net,6
8,Johnson,Young,16,623-806-6900,graham@live.com,6
9,Tim,Andrews,31,617-301-4061,kalpol@att.net,6
10,Kimberly,Carter,17,202-246-1304,ralamosm@yahoo.ca,6
11,Marcus,Hanson,4,559-224-6225,dougj@sbcglobal.net,6
12,Julian,Sparks,9,312-278-8241,pplinux@gmail.com,9
13,Richelle,Fuller,23,631-418-5449,tattooman@yahoo.com,9
14,Elizabeth,Baldwin,11,404-743-4663,jrifkin@sbcglobal.net,9
15,Michaela,Fowler,14,717-534-7804,gospodin@live.com,9
16,Jane,Anderson,12,580-806-7042,storerm@gmail.com,9
17,Katy,Higgins,5,509-399-1142,bruck@live.com,9
18,Hana,Wells,33,619-444-5562,eimear@optonline.net,9
19,Kitty,Campos,7,617-292-8976,hager@aol.com,9
20,Veronica,Hughes,2,208-286-2288,mpiotr@yahoo.ca,9
21,Hafsa,Blair,21,626-786-6270,esasaki@sbcglobal.net,9
22,Isabelle,Watts,22,724-545-9346,zyghom@msn.com,7
23,Harris,Harrison,15,757-755-2500,gomor@aol.com,7
24,Alfie,Mason,19,580-461-5536,mcrawfor@gmail.com,7
25,Aidan,Ali,25,401-351-7792,tbmaddux@aol.com,8
26,Travis,Bauer,26,872-806-3541,dowdy@msn.com,8
27,Jimmy,Cooper,27,650-669-5277,trieuvan@att.net,8
28,Leo,Heath,28,404-463-4551,openldap@hotmail.com,8
29,Raphael,Cobb,29,701-620-8317,zeller@comcast.net,8
30,Leon,Le,6,318-749-6639,scottzed@outlook.com,8
31,Ebony,Booth,8,323-394-1497,kevinm@yahoo.ca,8
32,Ernest,Ross,32,567-364-9336,johnbob@gmail.com,8
33,Jamie,Wise,13,708-370-1294,ilikered@gmail.com,8